Message Name,Field Def #,Field Name,Field Type,Array,Components,Scale,Offset,Units,Bits,Accumulate,Ref Field Name,Ref Field Value,Comment,Products:,EXAMPLE
,,,,,,,,,,,,,,,
file_id,,,,,,,,,,,,,,,
,7,undocumented_field_7,uint32,,,,,,,,,,,,
file_creator,,,,,,,,,,,,,,,
,2,undocumented_field_2,string,,,,,,,,,,,,
event,,,,,,,,,,,,,,,
,19,undocumented_field_19,uint8,,,,,,,,,,,,
,20,undocumented_field_20,uint8,,,,,,,,,,,,
device_settings,,,,,,,,,,,,,,,
,3,undocumented_field_3,enum,,,,,,,,,,,,
,8,undocumented_field_8,uint16,,,,,,,,,,,,
,9,undocumented_field_9,enum,,,,,,,,,,,,
,10,undocumented_field_10,enum,,,,,,,,,,,,
,11,undocumented_field_11,enum,,,,,,,,,,,,
,13,undocumented_field_13,uint8,,,,,,,,,,,,
,14,undocumented_field_14,uint8,,,,,,,,,,,,
,15,undocumented_field_15,uint8,,,,,,,,,,,,
,16,undocumented_field_16,enum,,,,,,,,,,,,
,17,undocumented_field_17,enum,,,,,,,,,,,,
,18,undocumented_field_18,enum,,,,,,,,,,,,
,22,undocumented_field_22,enum,,,,,,,,,,,,
,23,undocumented_field_23,enum,,,,,,,,,,,,
,25,undocumented_field_25,enum,,,,,,,,,,,,
,26,undocumented_field_26,enum,,,,,,,,,,,,
,28,undocumented_field_28,enum,,,,,,,,,,,,
,29,undocumented_field_29,enum,,,,,,,,,,,,
,30,undocumented_field_30,enum,,,,,,,,,,,,
,31,undocumented_field_31,enum,,,,,,,,,,,,
,33,undocumented_field_33,uint8,,,,,,,,,,,,
,34,undocumented_field_34,enum,,,,,,,,,,,,
,35,undocumented_field_35,enum,,,,,,,,,,,,
,38,undocumented_field_38,enum,,,,,,,,,,,,
,41,undocumented_field_41,enum,,,,,,,,,,,,
,42,undocumented_field_42,enum,,,,,,,,,,,,
,43,undocumented_field_43,enum,,,,,,,,,,,,
,44,undocumented_field_44,enum,,,,,,,,,,,,
,45,undocumented_field_45,enum,,,,,,,,,,,,
,48,undocumented_field_48,enum,,,,,,,,,,,,
,49,undocumented_field_49,uint16,,,,,,,,,,,,
,51,undocumented_field_51,enum,,,,,,,,,,,,
,52,undocumented_field_52,enum,,,,,,,,,,,,
,53,undocumented_field_53,enum,,,,,,,,,,,,
,54,undocumented_field_54,enum,,,,,,,,,,,,
,62,undocumented_field_62,enum,,,,,,,,,,,,
,63,undocumented_field_63,enum,,,,,,,,,,,,
,64,undocumented_field_64,enum,,,,,,,,,,,,
,65,undocumented_field_65,enum,,,,,,,,,,,,
,66,undocumented_field_66,enum,,,,,,,,,,,,
,67,undocumented_field_67,enum,,,,,,,,,,,,
,68,undocumented_field_68,enum,,,,,,,,,,,,
,69,undocumented_field_69,enum,,,,,,,,,,,,
,75,undocumented_field_75,enum,,,,,,,,,,,,
,76,undocumented_field_76,enum,,,,,,,,,,,,
,77,undocumented_field_77,enum,,,,,,,,,,,,
,81,undocumented_field_81,enum,,,,,,,,,,,,
,82,undocumented_field_82,enum,,,,,,,,,,,,
,83,undocumented_field_83,enum,,,,,,,,,,,,
,84,undocumented_field_84,enum,,,,,,,,,,,,
,85,undocumented_field_85,enum,,,,,,,,,,,,
,87,undocumented_field_87,enum,,,,,,,,,,,,
,91,undocumented_field_91,uint8z,,,,,,,,,,,,
,96,undocumented_field_96,enum,,,,,,,,,,,,
,97,undocumented_field_97,uint8z,,,,,,,,,,,,
,98,undocumented_field_98,enum,,,,,,,,,,,,
,101,undocumented_field_101,enum,,,,,,,,,,,,
,104,undocumented_field_104,enum,,,,,,,,,,,,
,106,undocumented_field_106,enum,,,,,,,,,,,,
,107,undocumented_field_107,enum,,,,,,,,,,,,
,108,undocumented_field_108,enum,,,,,,,,,,,,
,109,undocumented_field_109,enum,,,,,,,,,,,,
,110,undocumented_field_110,enum,,,,,,,,,,,,
,111,undocumented_field_111,enum,,,,,,,,,,,,
,112,undocumented_field_112,enum,,,,,,,,,,,,
,116,undocumented_field_116,enum,,,,,,,,,,,,
,117,undocumented_field_117,enum,,,,,,,,,,,,
,121,undocumented_field_121,enum,,,,,,,,,,,,
,124,undocumented_field_124,uint8,,,,,,,,,,,,
,125,undocumented_field_125,uint8,,,,,,,,,,,,
,126,undocumented_field_126,enum,,,,,,,,,,,,
,127,undocumented_field_127,enum,,,,,,,,,,,,
,128,undocumented_field_128,enum,,,,,,,,,,,,
,129,undocumented_field_129,enum,,,,,,,,,,,,
,130,undocumented_field_130,enum,,,,,,,,,,,,
,131,undocumented_field_131,enum,,,,,,,,,,,,
,132,undocumented_field_132,enum,,,,,,,,,,,,
,133,undocumented_field_133,enum,,,,,,,,,,,,
,137,undocumented_field_137,enum,,,,,,,,,,,,
,138,undocumented_field_138,enum,,,,,,,,,,,,
,139,undocumented_field_139,enum,,,,,,,,,,,,
,141,undocumented_field_141,uint8,,,,,,,,,,,,
,142,undocumented_field_142,uint8,,,,,,,,,,,,
,143,undocumented_field_143,uint8,,,,,,,,,,,,
,144,true_up_enabled,enum,,,,,,,,,,,,
,148,undocumented_field_148,enum,,,,,,,,,,,,
,149,undocumented_field_149,enum,,,,,,,,,,,,
,168,undocumented_field_168,enum,,,,,,,,,,,,
user_profile,,,,,,,,,,,,,,,
,24,undocumented_field_24,uint8,,,,,,,,,,,,
,33,undocumented_field_33,uint16,,,,,,,,,,,,
,34,undocumented_field_34,uint16,,,,,,,,,,,,
,35,undocumented_field_35,uint32,,,,,,,,,,,,
,36,undocumented_field_36,uint8,,,,,,,,,,,,
,37,functional_threshold_speed,uint16,,,36,36,36,,,,,,,
,38,undocumented_field_38,uint16,,,,,,,,,,,,
,41,time_last_lthr_update,uint32,,,,,,,,,,,,
,42,undocumented_field_42,uint32,,,,,,,,,,,,
,43,undocumented_field_43,enum,,,,,,,,,,,,
zones_target,,,,,,,,,,,,,,,
,5,hr_zone_calc,enum,,,,,,,,,,,,
,7,pwr_zone_calc,enum,,,,,,,,,,,,
,8,undocumented_field_8,uint16,,,,,,,,,,,,
,9,undocumented_field_9,enum,,,,,,,,,,,,
,10,undocumented_field_10,enum,,,,,,,,,,,,
,11,undocumented_field_11,enum,,,,,,,,,,,,
,12,undocumented_field_12,enum,,,,,,,,,,,,
,13,undocumented_field_13,enum,,,,,,,,,,,,
,254,message_index,uint16,,,,,,,,,,,,
sport,,,,,,,,,,,,,,,
,4,undocumented_field_4,uint16,,,,,,,,,,,,
,5,undocumented_field_5,enum,,,,,,,,,,,,
,6,undocumented_field_6,enum,,,,,,,,,,,,
,7,undocumented_field_7,uint8,,,,,,,,,,,,
,8,undocumented_field_8,uint8,,,,,,,,,,,,
,9,undocumented_field_9,uint8,,,,,,,,,,,,
,10,undocumented_field_10,uint8,[N],,,,,,,,,,,
,11,undocumented_field_11,enum,,,,,,,,,,,,
,12,undocumented_field_12,uint8,[N],,,,,,,,,,,
,13,undocumented_field_13,enum,,,,,,,,,,,,
,15,undocumented_field_15,enum,,,,,,,,,,,,
,17,undocumented_field_17,enum,,,,,,,,,,,,
,18,undocumented_field_18,enum,,,,,,,,,,,,
,19,undocumented_field_19,enum,[N],,,,,,,,,,,
undocumented_13,,,,,,,,,,,,,,,
,1,undocumented_field_1,enum,,,,,,,,,,,,
,2,undocumented_field_2,uint16,,,,,,,,,,,,
,3,undocumented_field_3,enum,,,,,,,,,,,,
,4,undocumented_field_4,uint32,,,,,,,,,,,,
,5,undocumented_field_5,sint32,,,,,,,,,,,,
,6,undocumented_field_6,sint32,,,,,,,,,,,,
,7,undocumented_field_7,enum,,,,,,,,,,,,
,8,undocumented_field_8,uint16,,,,,,,,,,,,
,9,undocumented_field_9,enum,,,,,,,,,,,,
,10,undocumented_field_10,uint16,,,,,,,,,,,,
,11,undocumented_field_11,uint8,,,,,,,,,,,,
,12,undocumented_field_12,enum,,,,,,,,,,,,
,13,undocumented_field_13,enum,,,,,,,,,,,,
,14,undocumented_field_14,enum,,,,,,,,,,,,
,15,undocumented_field_15,enum,,,,,,,,,,,,
,16,undocumented_field_16,enum,,,,,,,,,,,,
,18,undocumented_field_18,enum,,,,,,,,,,,,
,19,undocumented_field_19,uint16,,,,,,,,,,,,
,21,undocumented_field_21,enum,,,,,,,,,,,,
,22,undocumented_field_22,uint16,,,,,,,,,,,,
,23,undocumented_field_23,enum,,,,,,,,,,,,
,24,undocumented_field_24,enum,,,,,,,,,,,,
,25,undocumented_field_25,enum,,,,,,,,,,,,
,27,undocumented_field_27,enum,,,,,,,,,,,,
,28,undocumented_field_28,enum,,,,,,,,,,,,
,29,undocumented_field_29,enum,,,,,,,,,,,,
,30,undocumented_field_30,enum,,,,,,,,,,,,
,31,undocumented_field_31,uint32,,,,,,,,,,,,
,32,undocumented_field_32,uint16,,,,,,,,,,,,
,33,undocumented_field_33,uint32,,,,,,,,,,,,
,34,undocumented_field_34,enum,,,,,,,,,,,,
,35,undocumented_field_35,enum,,,,,,,,,,,,
,36,undocumented_field_36,enum,,,,,,,,,,,,
,37,undocumented_field_37,enum,,,,,,,,,,,,
,38,undocumented_field_38,uint8,,,,,,,,,,,,
,39,undocumented_field_39,uint8,,,,,,,,,,,,
,40,undocumented_field_40,enum,,,,,,,,,,,,
,41,undocumented_field_41,sint32,,,,,,,,,,,,
,42,undocumented_field_42,uint8,,,,,,,,,,,,
,43,undocumented_field_43,enum,,,,,,,,,,,,
,44,undocumented_field_44,enum,,,,,,,,,,,,
,45,undocumented_field_45,enum,,,,,,,,,,,,
,46,undocumented_field_46,enum,,,,,,,,,,,,
,47,undocumented_field_47,enum,,,,,,,,,,,,
,48,undocumented_field_48,enum,,,,,,,,,,,,
,50,undocumented_field_50,enum,,,,,,,,,,,,
,51,undocumented_field_51,enum,,,,,,,,,,,,
,52,undocumented_field_52,uint16,,,,,,,,,,,,
,53,undocumented_field_53,enum,,,,,,,,,,,,
,54,undocumented_field_54,uint32,,,,,,,,,,,,
,55,undocumented_field_55,enum,,,,,,,,,,,,
,57,undocumented_field_57,enum,,,,,,,,,,,,
,58,undocumented_field_58,enum,,,,,,,,,,,,
,60,undocumented_field_60,enum,,,,,,,,,,,,
,61,undocumented_field_61,enum,,,,,,,,,,,,
,62,undocumented_field_62,enum,,,,,,,,,,,,
,63,undocumented_field_63,enum,,,,,,,,,,,,
,64,undocumented_field_64,uint16,,,,,,,,,,,,
,65,undocumented_field_65,enum,,,,,,,,,,,,
,66,undocumented_field_66,enum,,,,,,,,,,,,
,67,undocumented_field_67,enum,,,,,,,,,,,,
,69,undocumented_field_69,uint16,,,,,,,,,,,,
,70,undocumented_field_70,enum,,,,,,,,,,,,
,73,undocumented_field_73,sint32,,,,,,,,,,,,
,74,undocumented_field_74,sint32,,,,,,,,,,,,
,75,undocumented_field_75,enum,,,,,,,,,,,,
,76,undocumented_field_76,enum,,,,,,,,,,,,
,254,message_index,uint16,,,,,,,,,,,,
session,,,,,,,,,,,,,,,
,33,undocumented_field_33,uint16,,,,,,,,,,,,
,38,lap1_lat,sint32,,,,,,,,,,,,
,39,lap1_long,sint32,,,,,,,,,,,,
,45,undocumented_field_45,uint16,,,,,,,,,,,,
,78,undocumented_field_78,uint32,,,,,,,,,,,,
,79,undocumented_field_79,uint16,,,,,,,,,,,,
,80,undocumented_field_80,uint16,,,,,,,,,,,,
,81,undocumented_field_81,enum,,,,,,,,,,,,
,106,undocumented_field_106,uint16,,,,,,,,,,,,
,107,undocumented_field_107,uint16,,,,,,,,,,,,
,108,undocumented_field_108,uint16,,,,,,,,,,,,
,109,undocumented_field_109,uint8,,,,,,,,,,,,
,110,undocumented_field_110,string,,,,,,,,,,,,
,111,undocumented_field_111,uint8,,,,,,,,,,,,
,138,undocumented_field_138,uint8,[N],,,,,,,,,,,
,150,min_temperature,sint8,,,,,,,,,,,,
,151,undocumented_field_151,uint16,,,,,,,,,,,,
,152,undocumented_field_152,uint32,,,,,,,,,,,,
,157,undocumented_field_157,uint16,,,,,,,,,,,,
,158,undocumented_field_158,uint16,,,,,,,,,,,,
,153,undocumented_field_153,enum,,,,,,,,,,,,
,154,undocumented_field_154,enum,,,,,,,,,,,,
,168,undocumented_field_168,sint32,,,,,,,,,,,,
,169,undocumented_field_169,uint16,,,,,,,,,,,,
,170,undocumented_field_170,uint16,,,,,,,,,,,,
,177,undocumented_field_177,uint16,,,,,,,,,,,,
,178,undocumented_field_178,uint16,,,,,,,,,,,,
,179,undocumented_field_179,uint16,,,,,,,,,,,,
,180,undocumented_field_180,uint16,,,,,,,,,,,,
,181,undocumented_field_181,float32,,,,,,,,,,,,
,183,undocumented_field_183,uint16,,,,,,,,,,,,
,184,undocumented_field_184,enum,,,,,,,,,,,,
,185,undocumented_field_185,uint8,,,,,,,,,,,,
,187,undocumented_field_187,float32,,,,,,,,,,,,
,188,undocumented_field_188,enum,,,,,,,,,,,,
,189,undocumented_field_189,uint16,,,,,,,,,,,,
,190,undocumented_field_190,uint16,,,,,,,,,,,,
lap,,,,,,,,,,,,,,,
,,total_steps,uint32,,,,,,,,,,,,
,,total_strokes,uint32,,,,,,,,,,,,
,,avg_swimming_cadence,uint8,,,,,,,,,,,,
,,max_swimming_cadence,uint8,,,,,,,,,,,,
,27,nec_lat,sint32,,,,,,,,,,,,
,28,nec_long,sint32,,,,,,,,,,,,
,29,swc_lat,sint32,,,,,,,,,,,,
,30,swc_long,sint32,,,,,,,,,,,,
,32,num_length,uint16,,,,,,,,,,,,
,70,undocumented_field_70,uint32,,,,,,,,,,,,
,72,undocumented_field_72,enum,,,,,,,,,,,,
,73,undocumented_field_73,uint16,,,,,,,,,,,,
,90,undocumented_field_90,uint16,,,,,,,,,,,,
,96,undocumented_field_96,uint16,,,,,,,,,,,,
,97,undocumented_field_97,uint16,,,,,,,,,,,,
,124,min_temperature,sint8,,,,,,,,,,,,
,125,undocumented_field_125,uint16,,,,,,,,,,,,
,126,undocumented_field_126,uint16,,,,,,,,,,,,
,136,undocumented_field_136,uint16,,,,,,,,,,,,
,137,undocumented_field_137,uint16,,,,,,,,,,,,
,143,undocumented_field_143,uint16,,,,,,,,,,,,
,145,undocumented_field_145,uint16,,,,,,,,,,,,
,149,undocumented_field_149,float32,,,,,,,,,,,,
,151,undocumented_field_151,uint16,,,,,,,,,,,,
,152,undocumented_field_152,uint8,,,,,,,,,,,,
,154,undocumented_field_154,float32,,,,,,,,,,,,
record,,,,,,,,,,,,,,,
,10,resistence,uint8,,,,,,,,,,,,
,14,undefined_field_14,uint32,,,,,,,,,,,,
,15,undefined_field_15,uint32,,,,,,,,,,,,
,61,undocumented_field_61,uint16,,,,,,,,,,,,
,63,undocumented_field_63,uint16,,,,,,,,,,,,
,64,undocumented_field_64,uint16,,,,,,,,,,,,
,65,undocumented_field_65,uint16,,,,,,,,,,,,
,66,undocumented_field_66,sint16,,,,,,,,,,,,
,78,enhanced_elevation,uint32,,,5,5,5,,,,,,,
,84,gct_balance,uint16,,,100,100,100,,,,,,,
,85,stride_length,uint16,,,10000,10000,10000,,,,,,,
,87,undocumented_field_87,uint16,,,,,,,,,,,,
,88,undocumented_field_88,uint16,,,,,,,,,,,,
,90,performance_condition,sint8,,,,,,,,,,,,
data_sources,,,,,,,,,,,,,,,
,0,speed,uint8,,,,,,,,,,,,
,1,distance,uint8,,,,,,,,,,,,
,2,cadence,uint8,,,,,,,,,,,,
,3,elevation,uint8,,,,,,,,,,,,
,4,heart_rate,uint8,,,,,,,,,,,,
,5,mode,enum,,,,,,,,,,,,
,6,power,uint8,,,,,,,,,,,,
,14,calories,uint8,,,,,,,,,,,,
,15,undocumented_field_15,uint8,,,,,,,,,,,,
,253,timestamp,uint32,,,,,,,,,,,,
device_info,,,,,,,,,,,,,,,
,8,undocumented_field_8,uint32,,,,,,,,,,,,
,9,undocumented_field_9,uint8,,,,,,,,,,,,
,13,undocumented_field_13,uint16,,,,,,,,,,,,
,15,rx_packets_ok,uint32,,,,,,,,,,,,
,16,rx_packets_err,uint32,,,,,,,,,,,,
,17,undocumented_field_17,string,,,,,,,,,,,,
,23,undocumented_field_23,uint8,,,,,,,,,,,,
,24,ant_id,uint32z,,,,,,,,,,,,
,29,undocumented_field_29,uint8,[N],,,,,,,,,,,
,30,undocumented_field_30,uint8,,,,,,,,,,,,
,31,undocumented_field_31,uint32,,,,,,,,,,,,
undocumented_24,,,,,,,,,,,,,,,
,2,undocumented_field_2,byte,[N],,,,,,,,,,,
location,,,,,,,,,,,,,,,
,0,name,string,,,,,,,,,,,,
,1,position_lat,sint32,,,,,,,,,,,,
,2,position_long,sint32,,,,,,,,,,,,
,3,undocumented_field_3,uint16,,,,,,,,,,,,
,4,altitude,uint16,,,5,5,5,,,,,,,
,5,undocumented_field_5,uint16,,,,,,,,,,,,
,253,undocumented_field_253,uint32,,,,,,,,,,,,
,254,location_index,uint16,,,,,,,,,,,,
monitoring,,,,,,,,,,,,,,,
,6,activity_sub_type,enum,,,,,,,,,,,,
,35,floors_climbed,uint32,,,1000,1000,1000,,,,,,,
,36,floors_descended,uint32,,,1000,1000,1000,,,,,,,
,37,weekly_moderate_activity_minutes,uint16,,,,,,,,,,,,
,38,weekly_vigorous_activity_minutes,uint16,,,,,,,,,,,,
user_data,,,,,,,,,,,,,,,
,0,metmax,uint16,,,1024,1024,1024,,,,,,,
,1,age,uint8,,,,,,,,,,,,
,2,height,uint8,,,100,100,100,,,,,,,
,3,weight,uint16,,,10,10,10,,,,,,,
,4,gender,enum,,,,,,,,,,,,
,5,activity_class,enum,,,10,10,10,,,,,,,
,6,max_hr,uint8,,,,,,,,,,,,
,7,undocumented_field_7,sint8,,,,,,,,,,,,
,8,recovery_time,uint16,,,60,60,60,,,,,,,
,9,undocumented_field_9,uint16,,,,,,,,,,,,
,10,avg_resting_heart_rate,uint8,,,,,,,,,,,,
,11,running_lactate_threshold_heart_rate,uint16,,,,,,,,,,,,
,12,functional_threshold_power,uint16,,,,,,,,,,,,
,13,functional_threshold_speed,uint16,,,36,36,36,,,,,,,
,14,undocumented_field_14,uint8,,,,,,,,,,,,
,15,undocumented_field_15,uint8,,,,,,,,,,,,
,16,undocumented_field_16,uint32,,,,,,,,,,,,
,17,undocumented_field_17,sint32,,,,,,,,,,,,
,18,undocumented_field_18,sint32,,,,,,,,,,,,
,19,undocumented_field_19,sint32,,,,,,,,,,,,
,20,undocumented_field_20,uint16,,,,,,,,,,,,
,253,timestamp,uint32,,,,,,,,,,,,
monitoring_info,,,,,,,,,,,,,,,
,0,local_time,uint32,,,,,,,,,,,,
,7,goal_cycles,uint32,[N],,,,,,,,,,,
,8,undocumented_field_8,enum,[N],,,,,,,,,,,
battery,,,,,,,,,,,,,,,
,0,unit_voltage,uint16,,,1000,1000,1000,,,,,,,
,1,undocumented_field_1,sint16,,,,,,,,,,,,
,2,percent,uint8,,,,,,,,,,,,
,3,current,sint8,,,,,,,,,,,,
,253,timestamp,uint32,,,,,,,,,,,,
personal_records,,,,,,,,,,,,,,,
,0,longest_distance,uint16,,,,,,,,,,,,
,1,sport,enum,,,,,,,,,,,,
,2,distance,uint32,,,100,100,100,,,,,,,
,3,duration,uint32,,,1000,1000,1000,,,,,,,
,4,start_time,uint32,,,,,,,,,,,,
,5,new_record,enum,,,,,,,,,,,,
,253,timestamp,uint32,,,,,,,,,,,,
undocumented_125,,,,,,,,,,,,,,,
,1,undocumented_field_1,uint8,[N],,,,,,,,,,,
,2,undocumented_field_2,uint16,[N],,,,,,,,,,,
,3,undocumented_field_3,uint16,,,,,,,,,,,,
,4,undocumented_field_4,uint8,,,,,,,,,,,,
,253,timestamp,uint32,,,,,,,,,,,,
physiological_metrics,,,,,,,,,,,,,,,
,0,min_heart_rate,uint8,,,,,,,,,,,,
,1,max_heart_rate,uint8,,,,,,,,,,,,
,2,undocumented_field_2,sint32,,,,,,,,,,,,
,3,undocumented_field_3,sint32,,,,,,,,,,,,
,4,aerobic_training_effect,uint8,,,10,10,10,,,,,,,
,5,undocumented_field_5,sint32,,,,,,,,,,,,
,6,undocumented_field_6,sint32,,,,,,,,,,,,
,7,metmax,sint32,,,65536,65536,65536,,,,,,,
,8,undocumented_field_8,uint8,,,,,,,,,,,,
,9,recovery_time,uint16,,,60,60,60,,,,,,,
,10,undocumented_field_10,uint16,,,,,,,,,,,,
,11,undocumented_field_11,enum,,,,,,,,,,,,
,12,undocumented_field_12,enum,,,,,,,,,,,,
,13,undocumented_field_13,uint8,,,,,,,,,,,,
,14,running_lactate_threshold_heart_rate,uint16,,,,,,,,,,,,
,15,undocumented_field_15,uint16,,,,,,,,,,,,
,16,running_lactate_threshold_speed,uint16,,,36,36,36,,,,,,,
,17,performance_condition,sint8,,,,,,,,,,,,
,18,undocumented_field_18,uint8,,,,,,,,,,,,
,19,undocumented_field_19,uint8,,,,,,,,,,,,
,20,anaerobic_training_effect,uint8,,,10,10,10,,,,,,,
,21,undocumented_field_21,sint32,,,,,,,,,,,,
,22,undocumented_field_22,uint8,,,,,,,,,,,,
,23,undocumented_field_23,uint8,,,,,,,,,,,,
,24,undocumented_field_24,sint32,,,,,,,,,,,,
,25,undocumented_field_25,uint8,,,,,,,,,,,,
,26,undocumented_field_26,sint32,,,,,,,,,,,,
,27,undocumented_field_27,sint32,,,,,,,,,,,,
,28,undocumented_field_28,sint32,,,,,,,,,,,,
,29,metmax_running,sint32,,,65536,65536,65536,,,,,,,
,30,undocumented_field_30,sint8,,,,,,,,,,,,
,31,undocumented_field_31,sint8,,,,,,,,,,,,
,32,undocumented_field_32,sint32,,,,,,,,,,,,
,33,undocumented_field_33,uint8,,,,,,,,,,,,
,34,undocumented_field_34,enum,,,,,,,,,,,,
,35,undocumented_field_35,uint32,,,,,,,,,,,,
,36,undocumented_field_36,uint32,,,,,,,,,,,,
,37,undocumented_field_37,sint32,,,,,,,,,,,,
,38,undocumented_field_38,sint32,,,,,,,,,,,,
,39,undocumented_field_39,sint32,,,,,,,,,,,,
,40,undocumented_field_40,sint32,,,,,,,,,,,,
,41,undocumented_field_41,enum,,,,,,,,,,,,
,253,timestamp,uint32,,,,,,,,,,,,
epo_data,,,,,,,,,,,,,,,
,0,valid,enum,,,,,,,,,,,,
,1,interval_start,uint32,,,,,,,,,,,,
,2,interval_end,uint32,,,,,,,,,,,,
,3,undocumented_field_3,uint32,,,,,,,,,,,,
,4,undocumented_field_4,sint32,,,,,,,,,,,,
,5,undocumented_field_5,sint32,,,,,,,,,,,,
,253,timestamp,uint32,,,,,,,,,,,,
sensor_settings,,,,,,,,,,,,,,,
,0,undocumented_field_0,uint32z,,,,,,,,,,,,
,1,undocumented_field_1,uint8,,,,,,,,,,,,
,2,undocumented_field_2,string,,,,,,,,,,,,
,3,undocumented_field_3,enum,,,,,,,,,,,,
,4,undocumented_field_4,enum,,,,,,,,,,,,
,5,undocumented_field_5,enum,,,,,,,,,,,,
,6,undocumented_field_6,enum,,,,,,,,,,,,
,7,undocumented_field_7,enum,,,,,,,,,,,,
,9,undocumented_field_9,uint8,,,,,,,,,,,,
,10,undocumented_field_10,uint16,,,,,,,,,,,,
,11,undocumented_field_11,uint16,,,10,10,10,,,,,,,
,12,undocumented_field_12,uint8,,,,,,,,,,,,
,13,undocumented_field_13,uint32,,,,,,,,,,,,
,14,undocumented_field_14,uint8,,,,,,,,,,,,
,15,undocumented_field_15,uint8,,,,,,,,,,,,
,16,undocumented_field_16,uint8,,,,,,,,,,,,
,17,undocumented_field_17,uint8z,,,,,,,,,,,,
,18,undocumented_field_18,uint8z,[N],,,,,,,,,,,
,19,undocumented_field_19,uint8z,,,,,,,,,,,,
,20,undocumented_field_20,uint8z,[N],,,,,,,,,,,
,21,undocumented_field_21,uint16,,,,,,,,,,,,
,24,undocumented_field_24,enum,,,,,,,,,,,,
,31,undocumented_field_31,uint8,,,,,,,,,,,,
,32,undocumented_field_32,uint16,,,,,,,,,,,,
,33,undocumented_field_33,uint16,,,,,,,,,,,,
,34,undocumented_field_34,uint16,,,,,,,,,,,,
,35,undocumented_field_35,uint16,,,,,,,,,,,,
,36,undocumented_field_36,enum,,,,,,,,,,,,
,37,undocumented_field_37,enum,[N],,,,,,,,,,,
,38,undocumented_field_38,enum,[N],,,,,,,,,,,
,39,undocumented_field_39,enum,[N],,,,,,,,,,,
,40,undocumented_field_40,uint16z,,,,,,,,,,,,
,41,undocumented_field_41,uint8,[N],,,,,,,,,,,
,42,undocumented_field_42,enum,,,,,,,,,,,,
,43,undocumented_field_43,enum,,,,,,,,,,,,
,44,undocumented_field_44,uint8z,,,,,,,,,,,,
,45,undocumented_field_45,enum,,,,,,,,,,,,
,46,undocumented_field_46,enum,,,,,,,,,,,,
,47,undocumented_field_47,enum,,,,,,,,,,,,
,48,undocumented_field_48,enum,,,,,,,,,,,,
,50,undocumented_field_50,uint8,[N],,,,,,,,,,,
,51,undocumented_field_51,enum,,,,,,,,,,,,
,52,undocumented_field_52,uint8,,,,,,,,,,,,
,53,undocumented_field_53,uint8,,,,,,,,,,,,
,55,undocumented_field_55,uint16,,,,,,,,,,,,
,56,undocumented_field_56,uint16,,,,,,,,,,,,
,57,undocumented_field_57,uint16,,,,,,,,,,,,
,58,undocumented_field_58,enum,,,,,,,,,,,,
,59,undocumented_field_59,uint8,,,,,,,,,,,,
,62,undocumented_field_62,uint8,,,,,,,,,,,,
,254,message_index,uint16,,,,,,,,,,,,
undocumented_188,,,,,,,,,,,,,,,
,0,undocumented_field_0,enum,,,,,,,,,,,,
,253,timestamp,uint32,,,,,,,,,,,,
undocumented_211,,,,,,,,,,,,,,,
,0,undocumented_field_0,uint8,,,,,,,,,,,,
,1,undocumented_field_1,uint8,,,,,,,,,,,,
,253,timestamp,uint32,,,,,,,,,,,,
heart_rate_zones,,,,,,,,,,,,,,,
,0,type,uint16,,,,,,,,,,,,
,1,lap_index,uint16,,,,,,,,,,,,
,2,time_in_hr_zone,uint32,[N],,1000,1000,1000,,,,,,,
,5,undocumented_field_5,uint32,,,,,,,,,,,,
,6,heart_rate_zones,uint8,[N],,,,,,,,,,,
,9,undocumented_field_9,uint16,,,,,,,,,,,,
,10,undocumented_field_10,enum,,,,,,,,,,,,
,11,max_heart_rate,uint8,,,,,,,,,,,,
,12,resting_heart_rate,uint8,,,,,,,,,,,,
,13,lactate_threshold_heart_rate,uint8,,,,,,,,,,,,
,14,undocumented_field_14,enum,,,,,,,,,,,,
,15,undocumented_field_15,uint16,,,,,,,,,,,,
,253,timestamp,uint32,,,,,,,,,,,,
stress_level,,,,,,,,,,,,,,,
,2,undocumented_field_2,sint8,,,,,,,,,,,,
undocumented_229,,,,,,,,,,,,,,,
,0,time,uint32,,,,,,,,,,,,
,1,metmax,sint32,,,65536,65536,65536,,,,,,,
,2,vo2max,uint16,,,10,10,10,,,,,,,
,3,undocumented_field_3,sint8,,,,,,,,,,,,
,4,undocumented_field_4,sint8,,,,,,,,,,,,
,5,undocumented_field_5,enum,,,,,,,,,,,,
,6,undocumented_field_6,enum,,,,,,,,,,,,
,7,undocumented_field_7,enum,,,,,,,,,,,,
,8,undocumented_field_8,enum,,,,,,,,,,,,
,9,undocumented_field_9,enum,,,,,,,,,,,,
training_status,,,,,,,,,,,,,,,
,0,undocumented_0,enum,,,,,,,,,,,,
,1,undocumented_1,enum,,,,,,,,,,,,
,2,current_status,enum,,,,,,,,,,,,
,3,fitness,enum,,,,,,,,,,,,
,4,load,enum,,,,,,,,,,,,
,5,training_load,uint16,,,,,,,,,,,,
,6,low_training_load,uint16,,,,,,,,,,,,
,7,high_training_load,uint16,,,,,,,,,,,,
,8,max_training_load,uint16,,,,,,,,,,,,
,253,timestamp,uint32,,,,,,,,,,,,
undocumented_233,,,,,,,,,,,,,,,
,2,undocumented_field_2,byte,,,,,,,,,,,,
metrics,,,,,,,,,,,,,,,
,0,localtime,uint32,,,,,,,,,,,,
,253,timestamp,uint32,,,,,,,,,,,,
media_player_info,,,,,,,,,,,,,,,
,0,undocumented_field_0,uint32,,,,,,,,,,,,
,1,undocumented_field_1,uint16,,,,,,,,,,,,
,2,track_1,string,,,,,,,,,,,,
,3,track_2,string,,,,,,,,,,,,
,4,track_3,string,,,,,,,,,,,,
,5,undocumented_field_5,uint16,,,,,,,,,,,,
,6,undocumented_field_6,uint16,,,,,,,,,,,,
undocumented_244,,,,,,,,,,,,,,,
,0,undocumented_field_0,uint32,,,,,,,,,,,,
,1,undocumented_field_1,enum,,,,,,,,,,,,
,2,undocumented_field_2,uint16,,,,,,,,,,,,
undocumented_261,,,,,,,,,,,,,,,
,0,undocumented_field_0,enum,,,,,,,,,,,,
,1,undocumented_field_1,sint32,,,,,,,,,,,,
,2,undocumented_field_2,sint32,,,,,,,,,,,,
,3,undocumented_field_3,uint32,,,,,,,,,,,,
,7,undocumented_field_7,uint8,,,,,,,,,,,,
,8,undocumented_field_8,uint8,,,,,,,,,,,,
,9,undocumented_field_9,uint8,,,,,,,,,,,,
,253,timestamp,uint32,,,,,,,,,,,,
undocumented_269,,,,,,,,,,,,,,,
,0,undocumented_field_0,uint8,,,,,,,,,,,,
,1,undocumented_field_1,uint8,,,,,,,,,,,,
,2,undocumented_field_2,uint8,,,,,,,,,,,,
,253,timestamp,uint32,,,,,,,,,,,,
undocumented_279,,,,,,,,,,,,,,,
,0,undocumented_field_0,uint32,,,,,,,,,,,,
,253,timestamp,uint32,,,,,,,,,,,,
training_load,,,,,,,,,,,,,,,
,0,load,uint16,,,,,,,,,,,,
,1,timestamp,uint32,,,,,,,,,,,,
undocumented_288,,,,,,,,,,,,,,,
,0,undocumented_field_0,sint8,,,,,,,,,,,,
,1,undocumented_field_1,sint8,,,,,,,,,,,,
,2,undocumented_field_2,uint16,,,,,,,,,,,,
,251,undocumented_field_251,byte,,,,,,,,,,,,
,252,undocumented_field_252,uint8,,,,,,,,,,,,
,253,timestamp,uint32,,,,,,,,,,,,
undocumented_1024,,,,,,,,,,,,,,,
,0,undocumented_field_0,enum,,,,,,,,,,,,
,2,undocumented_field_2,enum,,,,,,,,,,,,
,15,undocumented_field_15,uint16,,,,,,,,,,,,
,40,undocumented_field_40,enum,,,,,,,,,,,,
,44,undocumented_field_44,enum,,,,,,,,,,,,
,247,undocumented_field_247,enum,,,,,,,,,,,,
,255,undocumented_field_255,enum,,,,,,,,,,,,
